profileId,interests
1,government:sports
2,cooking
3,science&techonology:science&techonology
4,entertainment:cooking
5,life:weather:government
6,music:entertainment:book
7,computer:drugs
8,sports:entertainment:medicine
9,computer:drugs
10,government:crime:weather
11,sports:drugs:life
12,cooking:drugs
13,cooking
14,travel:drugs:book
15,sports:entertainment
16,book:medicine:arts
17,sports:sports:music
18,book:drugs:sports
19,science&techonology:music:computer
20,party
21,cooking:crime
22,medicine:life
23,computer:science&techonology
24,medicine:crime:book
25,weather
26,party
27,sports:crime:entertainment
28,life
29,cooking:party:cryptocurrency
30,sports:health
31,medicine:weather
32,health
33,travel:science&techonology
34,drugs:cryptocurrency
35,computer:travel:life
36,life
37,weather:sports:arts
38,arts
39,life:party:cryptocurrency
40,book:travel
41,health:science&techonology:weather
42,drugs:life:weather
43,science&techonology
44,entertainment:cryptocurrency:entertainment
45,drugs:music:crime
46,health
47,cryptocurrency
48,government:cryptocurrency
49,health:life
50,drugs:travel:health
51,science&techonology:health:party
52,medicine:government:life
53,party:entertainment
54,sports:weather
55,computer:drugs
56,cooking:crime
57,arts
58,cryptocurrency:health
59,weather:government:science&techonology
60,medicine:crime:music
61,music:medicine:drugs
62,government:music
63,music
64,weather
65,entertainment
66,cryptocurrency
67,computer:medicine:health
68,book:health
69,crime:party
70,science&techonology
71,computer:crime
72,travel:drugs:computer
73,crime
74,cooking
75,health:weather:entertainment
76,computer:sports:cooking
77,crime:party:travel
78,sports
79,weather:music
80,music:arts
81,medicine
82,computer
83,drugs:cryptocurrency:computer
84,arts
85,cooking
86,drugs:science&techonology
87,entertainment:weather
88,arts
89,travel
90,computer
91,weather:music:life
92,medicine:music
93,sports:science&techonology
94,cooking:government:government
95,health:book:party
96,science&techonology:entertainment
97,government:cooking
98,health:computer
99,book:arts
100,crime:medicine:government
101,crime:entertainment
102,music
103,entertainment:crime:computer
104,life:health:book
105,science&techonology
106,sports
107,travel
108,life:entertainment
109,party:medicine:science&techonology
110,weather
111,drugs
112,cryptocurrency:health:computer
113,book
114,crime:government:book
115,entertainment
116,crime:book:government
117,crime:party:cryptocurrency
118,crime
119,weather:computer
120,computer:government
121,book:sports:medicine
122,travel:drugs
123,book:crime
124,travel:book
125,book:science&techonology:book
126,science&techonology:drugs:weather
127,entertainment:life
128,sports:life
129,entertainment
130,government:crime:health
131,crime
132,cryptocurrency
133,life:health
134,computer:sports
135,sports:health:life
136,entertainment:cooking
137,cooking:music
138,weather:government
139,sports:cooking
140,medicine
141,life:life
142,cooking:book
143,cooking:sports:health
144,book
145,crime
146,government:government
147,computer
148,medicine
149,travel:health:party
150,life:party:entertainment
151,cooking:travel
152,arts:medicine:health
153,government:book:book
154,health:crime
155,entertainment:party:computer
156,party:entertainment:party
157,party
158,weather:medicine:government
159,drugs:health:cryptocurrency
160,government
161,party
162,music
163,cooking:medicine:science&techonology
164,book
165,cryptocurrency:party
166,entertainment
167,medicine:travel
168,drugs
169,computer:sports
170,drugs:entertainment:health
171,sports
172,crime
173,crime:drugs
174,weather
175,book:life:drugs
176,science&techonology:drugs
177,medicine:science&techonology
178,drugs:cooking
179,life:life:weather
180,arts
181,life
182,music
183,crime:cooking:cryptocurrency
184,medicine
185,entertainment
186,government:book:party
187,medicine:book:government
188,science&techonology:health
189,government:cryptocurrency
190,weather
191,party
192,weather:life:party
193,science&techonology:sports:book
194,government:arts
195,sports:crime:arts
196,book:arts
197,weather
198,cryptocurrency
199,government:cryptocurrency:drugs
200,arts
201,entertainment:cryptocurrency
202,book
203,travel
204,book
205,medicine:entertainment:crime
206,weather:book
207,travel:cryptocurrency:drugs
208,medicine
209,government
210,weather:health:music
211,travel
212,weather:cryptocurrency:government
213,crime:crime
214,cryptocurrency:book:computer
215,drugs
216,drugs:crime:entertainment
217,crime
218,medicine:book
219,weather
220,travel:travel
221,computer:cooking:medicine
222,travel
223,government
224,arts:crime:entertainment
225,cooking
226,science&techonology
227,sports:music:health
228,medicine:cooking
229,party:government
230,drugs:music:computer
231,science&techonology:crime
232,party
233,entertainment
234,cryptocurrency:entertainment:entertainment
235,arts:health
236,weather:travel:cooking
237,medicine:crime:music
238,life
239,crime:science&techonology:travel
240,arts:cryptocurrency
241,medicine:cryptocurrency
242,arts
243,music:computer
244,life
245,medicine:health
246,life:sports
247,cryptocurrency:party
248,book
249,weather:travel
250,life:cooking
251,music
252,medicine:crime:party
253,life
254,travel:weather
255,government:cooking
256,cooking:music:sports
257,crime:cryptocurrency:life
258,party
259,weather:health:science&techonology
260,cooking:party
261,music:crime:crime
262,life:book
263,party:travel:entertainment
264,entertainment:health
265,computer:sports
266,travel:government
267,entertainment:cooking
268,party:entertainment
269,crime:government
270,arts
271,cryptocurrency:medicine:cooking
272,science&techonology
273,medicine:party
274,cryptocurrency:computer:government
275,medicine:government
276,science&techonology:medicine
277,party:cooking
278,party
279,drugs
280,computer
281,travel:sports:crime
282,computer:crime:drugs
283,entertainment:crime
284,weather
285,life
286,crime:sports
287,party
288,crime:life:life
289,health:party:party
290,book
291,sports:crime
292,weather:party
293,medicine:cooking
294,sports:drugs:music
295,book:science&techonology
296,health:medicine
297,science&techonology:cryptocurrency
298,science&techonology:travel:entertainment
299,science&techonology
300,science&techonology:music
301,crime
302,entertainment
303,government:health:book
304,book
305,entertainment:music:entertainment
306,arts:science&techonology
307,music:cooking:computer
308,travel:crime
309,weather
310,drugs:computer
311,cooking:travel:book
312,cryptocurrency:sports
313,drugs:music
314,book:government:crime
315,science&techonology
316,health
317,party
318,life
319,medicine
320,medicine:medicine
321,computer:cryptocurrency
322,party:weather:science&techonology
323,drugs:weather
324,science&techonology:drugs
325,crime:party
326,health:cooking:crime
327,computer:cryptocurrency:government
328,cooking:book:weather
329,medicine
330,cooking:life
331,computer:party:cryptocurrency
332,arts
333,music:weather
334,life:weather
335,weather:health:health
336,book:entertainment
337,government:sports
338,book:crime:crime
339,travel
340,music:travel:travel
341,arts:science&techonology
342,travel
343,sports:cryptocurrency
344,travel
345,drugs:life:cryptocurrency
346,cooking:weather:medicine
347,travel
348,sports
349,arts
350,drugs
351,science&techonology
352,entertainment
353,arts:government
354,government
355,weather:life
356,book:drugs
357,life:computer
358,book:life
359,music:life
360,medicine
361,music:arts:sports
362,sports
363,cryptocurrency
364,travel:sports:cryptocurrency
365,weather:book
366,medicine
367,cooking:cooking
368,crime:book
369,arts:drugs
370,science&techonology:computer
371,drugs:cryptocurrency
372,government:arts
373,sports:life
374,arts:entertainment:computer
375,music
376,cryptocurrency:music
377,computer:health:medicine
378,cryptocurrency
379,crime:computer:book
380,computer:book
381,travel
382,entertainment
383,science&techonology
384,music
385,cooking
386,cooking:book
387,cooking:drugs
388,entertainment
389,government:life:drugs
390,crime:book:government
391,arts:music
392,life:arts
393,book:cooking:science&techonology
394,party:cooking
395,cryptocurrency
396,arts
397,medicine:music
398,drugs
399,computer:music
400,party:government:life
401,arts
402,sports:travel
403,sports
404,computer
405,travel
406,health
407,cooking:drugs
408,cryptocurrency:medicine
409,sports:cryptocurrency:crime
410,weather:arts:entertainment
411,health
412,travel:sports
413,arts:computer:science&techonology
414,book:medicine
415,computer
416,cryptocurrency
417,government:travel:travel
418,computer:medicine:arts
419,weather:music
420,medicine:book
421,arts:crime
422,science&techonology:life
423,party:computer
424,life:entertainment:book
425,government:music
426,travel
427,sports:medicine:sports
428,life:book:cooking
429,government:party:health
430,crime
431,travel:computer
432,party
433,arts:entertainment:medicine
434,cryptocurrency:cooking:weather
435,health:drugs
436,book:book:health
437,party:medicine:weather
438,party:government:computer
439,party:medicine
440,health:travel:drugs
441,arts
442,cryptocurrency:music
443,drugs
444,science&techonology:book
445,party:health:music
446,health:drugs:computer
447,medicine:travel:computer
448,life
449,weather:book:entertainment
450,medicine:weather
451,drugs:life
452,arts:crime
453,drugs
454,government:travel:health
455,medicine:health:arts
456,cryptocurrency:medicine:arts
457,party:music:government
458,drugs
459,weather:life
460,cooking:computer
461,entertainment:cryptocurrency
462,weather:computer
463,music:party
464,weather:government:cryptocurrency
465,party:drugs:science&techonology
466,arts:cooking
467,cooking
468,travel:government:party
469,science&techonology:travel
470,entertainment
471,government
472,party:science&techonology:science&techonology
473,life
474,arts:health
475,government:arts:crime
476,sports:arts:medicine
477,medicine:music:travel
478,entertainment
479,music:health
480,crime
481,medicine:weather
482,cooking
483,book
484,party:entertainment:computer
485,life:drugs:sports
486,travel:sports
487,arts:cryptocurrency
488,life
489,cooking
490,entertainment
491,sports
492,crime
493,medicine:cryptocurrency
494,health
495,entertainment:science&techonology:life
496,life
497,life:party:book
498,drugs:cooking:drugs
499,entertainment:book
500,cryptocurrency:drugs